{
    "image_id": 0,
    "image_name": "10112.jpg",
    "image_height": 1920,
    "image_width": 1080,
    "image_ratio": 0.3333333333333333,
    "bounds": [
        [
            69.73400115966797,
            1168.7794189453125,
            520.8720703125,
            1306.6820068359375
        ],
        [
            62.06707763671875,
            980.470458984375,
            1013.168212890625,
            1125.400390625
        ],
        [
            599.19970703125,
            1167.76220703125,
            1014.5321655273438,
            1308.5943603515625
        ],
        [
            420.89044189453125,
            671.373046875,
            654.400634765625,
            903.9014282226562
        ],
        [
            100.06371307373047,
            663.6231079101562,
            339.6875915527344,
            906.7831420898438
        ],
        [
            727.8491821289062,
            660.9263916015625,
            973.3097534179688,
            905.5862426757812
        ],
        [
            120.22100830078125,
            570.5571899414062,
            954.3865356445312,
            630.0521850585938
        ],
        [
            547.9249877929688,
            1168.873046875,
            649.65380859375,
            1305.7271728515625
        ],
        [
            92.84976196289062,
            197.28085327148438,
            971.0020751953125,
            546.6248779296875
        ]
    ],
    "classes": [
        11.0,
        11.0,
        11.0,
        2.0,
        2.0,
        2.0,
        10.0,
        2.0,
        2.0
    ],
    "classes_names": [
        "Checkbox",
        "Date Picker",
        "Image",
        "Input",
        "List Item",
        "Map View",
        "Multi-Tab",
        "On/Off Switch",
        "Radio Button",
        "Slider",
        "Text",
        "Text Button"
    ]
}