{
    "image_id": 0,
    "image_name": "23368.jpg",
    "image_height": 960,
    "image_width": 540,
    "image_ratio": 0.6666666666666666,
    "bounds": [
        [
            7.566673278808594,
            223.76596069335938,
            516.0668334960938,
            317.290283203125
        ],
        [
            15.688430786132812,
            531.4163818359375,
            515.9116821289062,
            613.6911010742188
        ],
        [
            32.84960174560547,
            329.97161865234375,
            230.00987243652344,
            362.41717529296875
        ],
        [
            14.696319580078125,
            444.2790832519531,
            524.0675659179688,
            529.064208984375
        ],
        [
            13.541976928710938,
            140.23887634277344,
            522.9041748046875,
            221.1331024169922
        ],
        [
            28.152969360351562,
            574.16064453125,
            301.94232177734375,
            599.6113891601562
        ],
        [
            29.978010177612305,
            231.2261505126953,
            216.38790893554688,
            262.07177734375
        ],
        [
            16.120994567871094,
            42.043148040771484,
            58.5877685546875,
            84.5484848022461
        ],
        [
            14.225486755371094,
            317.7864990234375,
            519.97998046875,
            402.8755187988281
        ],
        [
            27.553997039794922,
            362.7703857421875,
            344.5413513183594,
            387.2769470214844
        ],
        [
            32.408424377441406,
            543.5930786132812,
            186.77169799804688,
            574.5156860351562
        ],
        [
            63.94955062866211,
            48.539512634277344,
            150.158935546875,
            79.52039337158203
        ],
        [
            32.03386688232422,
            490.2149353027344,
            319.3404235839844,
            514.6163940429688
        ],
        [
            453.4695129394531,
            338.33563232421875,
            495.57562255859375,
            380.3448791503906
        ],
        [
            455.42279052734375,
            550.8192749023438,
            495.3377685546875,
            591.0917358398438
        ],
        [
            23.71190643310547,
            262.9199523925781,
            468.48687744140625,
            309.044189453125
        ],
        [
            456.43701171875,
            466.7042541503906,
            494.39093017578125,
            505.3556213378906
        ],
        [
            30.20119857788086,
            768.6181640625,
            228.9313201904297,
            799.0517578125
        ],
        [
            30.995132446289062,
            658.5844116210938,
            58.114498138427734,
            684.05419921875
        ],
        [
            32.779441833496094,
            459.66741943359375,
            171.58993530273438,
            489.0456848144531
        ],
        [
            12.729171752929688,
            613.1434936523438,
            521.3928833007812,
            687.0990600585938
        ],
        [
            19.683998107910156,
            408.1461181640625,
            506.3465881347656,
            441.6717224121094
        ],
        [
            454.80792236328125,
            250.22259521484375,
            494.2831726074219,
            289.1670227050781
        ],
        [
            31.449542999267578,
            163.55873107910156,
            231.1186065673828,
            195.71717834472656
        ],
        [
            21.142547607421875,
            627.5249633789062,
            342.1443176269531,
            659.9476928710938
        ],
        [
            10.124496459960938,
            94.54724884033203,
            528.2180786132812,
            134.9498291015625
        ],
        [
            13.1326904296875,
            745.089111328125,
            522.9570922851562,
            815.923828125
        ],
        [
            455.07110595703125,
            159.82797241210938,
            493.1461486816406,
            198.9390106201172
        ],
        [
            13.977767944335938,
            869.2171020507812,
            521.86572265625,
            898.5000610351562
        ],
        [
            13.062492370605469,
            817.6320190429688,
            525.1851806640625,
            869.6237182617188
        ],
        [
            19.096595764160156,
            698.673583984375,
            513.4320068359375,
            739.0537719726562
        ],
        [
            31.179330825805664,
            834.1051635742188,
            123.0066146850586,
            859.31201171875
        ],
        [
            29.738691329956055,
            408.6331787109375,
            86.09300231933594,
            435.52789306640625
        ],
        [
            28.572492599487305,
            883.5516357421875,
            193.36509704589844,
            900.4169311523438
        ]
    ],
    "classes": [
        4.0,
        4.0,
        10.0,
        4.0,
        4.0,
        10.0,
        10.0,
        2.0,
        4.0,
        10.0,
        10.0,
        10.0,
        10.0,
        0.0,
        0.0,
        10.0,
        0.0,
        10.0,
        10.0,
        10.0,
        4.0,
        10.0,
        0.0,
        10.0,
        10.0,
        10.0,
        4.0,
        0.0,
        4.0,
        4.0,
        10.0,
        10.0,
        10.0,
        10.0
    ],
    "classes_names": [
        "Checkbox",
        "Date Picker",
        "Image",
        "Input",
        "List Item",
        "Map View",
        "Multi-Tab",
        "On/Off Switch",
        "Radio Button",
        "Slider",
        "Text",
        "Text Button"
    ]
}