{
    "image_id": 0,
    "image_name": "37815.jpg",
    "image_height": 1920,
    "image_width": 1080,
    "image_ratio": 0.3333333333333333,
    "bounds": [
        [
            334.11181640625,
            1182.1376953125,
            749.0859985351562,
            1331.3250732421875
        ],
        [
            388.0303649902344,
            270.0096130371094,
            699.9161987304688,
            582.625
        ],
        [
            44.32017517089844,
            681.015625,
            1019.3448486328125,
            791.6260986328125
        ],
        [
            221.13853454589844,
            488.7744445800781,
            329.227294921875,
            543.332275390625
        ],
        [
            35.48167419433594,
            811.7689819335938,
            1036.3602294921875,
            962.6156616210938
        ],
        [
            758.8883056640625,
            488.48968505859375,
            857.8013916015625,
            544.669921875
        ],
        [
            456.9095764160156,
            131.16812133789062,
            619.6388549804688,
            185.7139129638672
        ],
        [
            47.46356964111328,
            841.9312744140625,
            220.76316833496094,
            885.4530639648438
        ],
        [
            239.55747985839844,
            379.04608154296875,
            310.34979248046875,
            458.7340393066406
        ],
        [
            771.3008422851562,
            381.44281005859375,
            841.7706298828125,
            459.7130126953125
        ],
        [
            87.84736633300781,
            990.1185302734375,
            1021.8140258789062,
            1121.52783203125
        ],
        [
            43.42705535888672,
            885.0758056640625,
            332.4120178222656,
            942.281982421875
        ]
    ],
    "classes": [
        11.0,
        2.0,
        3.0,
        10.0,
        11.0,
        10.0,
        10.0,
        10.0,
        2.0,
        2.0,
        11.0,
        10.0
    ],
    "classes_names": [
        "Checkbox",
        "Date Picker",
        "Image",
        "Input",
        "List Item",
        "Map View",
        "Multi-Tab",
        "On/Off Switch",
        "Radio Button",
        "Slider",
        "Text",
        "Text Button"
    ]
}